Subsystem,Component,Sub-Component,Potential Failure Mode,Potential Effect(s) of Failure,Severity,Potential Cause(s) of Failure,Occurrence,Current Controls,Detection,RPN,Recommended Action
Power Unit,Fuel System,Fuel Tank,Cracked or leaking,"Fuel loss, fire",4,General wear and tear,1,Daily visual inspection,2,8,Drain and flush fuel tank during 1000 hour service.
Power Unit,Fuel System,Fuel Tank,Cracked or leaking,"Fuel loss, fire",4,Physical impact to tank,1,Daily visual inspection,2,8,
Power Unit,Fuel System,Fuel Cooler,Leaking,"Loss of power, engine overheating",4,"Damaged fan parts, blocked fins",2,No current controls,2,16,Inspect cooler and clean fins on 500 hour service
Power Unit,Fuel System,Fuel Cooler,Dirt build-up,Loss of power,3,"Contaminated fuel, extended period of operation without cleaning",2,No current controls,3,18,Inspect cooler and clean fins on 500 hour service
Power Unit,Fuel System,Fuel Cooler,Wearing,"Loss of power, engine overheating",3,Fins may crack or break off,2,No current controls,2,12,Inspect cooler and clean fins on 500 hour service
Power Unit,Fuel System,Fuel Cooler,Mechanical  failure,Fuel overheating,3,Fuel cooler thermostat worn out,2,No current controls,3,18,Inspect cooler and clean fins on 500 hour service Check thermostat function at 1000 hour service.
Power Unit,Fuel System,Fuel Filter,Leaking,"Loss of power, fire",4,Damage to filter/filter head,1,Daily visual inspection. Scheduled change out on 250 hour service,2,8,"Perform operational test every 250 hour service - stall speed, high and low idle tests"
Power Unit,Fuel System,Fuel Filter,Physical damage,"Fuel leak, fire",4,Physical impact,1,Daily visual inspection. Scheduled change out on 250 hour service,2,8,"Perform operational test every 250 hour service - stall speed, high and low idle tests"
Power Unit,Fuel System,Fuel Filter,Blocked,"Loss of power, engine wont start",4,"Contaminated fuel, incorrect installation",2,Daily visual inspection. Scheduled change out on 250 hour service,2,16,"Perform operational test every 250 hour service - stall speed, high and low idle tests"
Power Unit,Fuel System,Fuel Lines/Rail,Leaking,"Loss of power, fire",4,"Broken seal, or seal vibrated loose",1,Daily visual inspection. Scheduled inspection on 500 hour service,2,8,
Power Unit,Fuel System,Fuel Lines/Rail,Physical damage,"Loss of power, fire",3,Physical impact,1,Daily visual inspection. Scheduled inspection on 500 hour service,2,6,
Power Unit,Fuel System,Injectors,Mechanical  failure,"Loss of power, misfiring",3,General wear and tear,2,Changed out with schedule engine replacement,3,18,"Perform operational test every 250 hour service - stall speed, high and low idle tests. Inspect for optimal replacement interval. Check function at 1000 hour service."
Power Unit,Fuel System,Injectors,Corrosion,"Loss of power, misfiring",3,Exposure of terminals to contaminating elements,2,No current controls,3,18,Check function during 500 hour service
Power Unit,Fuel System,Fuel Pump,Mechanical  failure,"Engine wont start, loss of power",4,"General wear and tear, or damage due to Physical impact",2,Changed with scheduled engine replacement,3,24,Check function of pump during 500 service
Power Unit,Fuel System,Fuel Pump,Leaking,Loss of power,4,"General wear and tear, loose fittings",2,Visual inspection on scheduled services,3,24,Check function of pump during 500 service
Power Unit,Fuel System,Fuel Pump,Corrosion,Loss of power,3,Exposure of parts to contaminating elements,2,Investigated upon component failure,3,18,Check function of pump during 500 service
Power Unit,Engine,Block,Wearing components,Loss of power / catastrophic engine failure,4,"Overspeed in engine, overheating of components, excess vibrations from broken mounts incorrect engine setup, poor lubrication",2,Engine SOS,3,24,Inspect for optimal replacement interval of engine.
Power Unit,Engine,Block,Mechanical  failure or physical failure,"Loss of power, leaking of fluids, and possible engine failure",4,"Large impacts, incorrect handling during installation, corrosion of components",2,"Engine oil sampled, drained and re-filled on all PM services, coolant and oil levels checked daily",3,24,Inspect for optimal replacement interval of engine.
Power Unit,Engine,Piston,Wearing components,Loss of power / catastrophic engine failure,4,"Overspeed in engine, overheating of components, excess vibrations from broken mounts incorrect engine setup, poor lubrication",2,Engine SOS,3,24,Inspect for optimal replacement interval of engine.
Power Unit,Engine,Piston,Mechanical  failure,"Loss of power, leaking of fluids, and possible engine failure",4,"Large impacts, incorrect handling during installation, corrosion of components",2,"Engine oil sampled, drained and re-filled on all PM services, coolant and oil levels checked daily",3,24,Inspect for optimal replacement interval of engine.
Power Unit,Engine,Rods,Wearing components,Loss of power / catastrophic engine failure,4,"Overspeed in engine, overheating of components, excess vibrations from broken mounts incorrect engine setup, poor lubrication",2,Engine SOS,3,24,Inspect for optimal replacement interval of engine.
Power Unit,Engine,Rods,Mechanical  failure,"Loss of power, leaking of fluids, and possible engine failure",4,"Large impacts, incorrect handling during installation, corrosion of components",2,"Engine oil sampled, drained and re-filled on all PM services, coolant and oil levels checked daily",3,24,Inspect for optimal replacement interval of engine.
Power Unit,Engine,Crank,Wearing components,Loss of power / catastrophic engine failure,4,"Overspeed in engine, overheating of components, excess vibrations from broken mounts incorrect engine setup, poor lubrication",2,Engine SOS,3,24,Inspect for optimal replacement interval of engine.
Power Unit,Engine,Crank,Mechanical  failure,"Loss of power, leaking of fluids, and possible engine failure",4,"Large impacts, incorrect handling during installation, corrosion of components",2,"Engine oil sampled, drained and re-filled on all PM services, coolant and oil levels checked daily",3,24,Inspect for optimal replacement interval of engine.
Power Unit,Engine,Cam,Wearing components,Loss of power / catastrophic engine failure,4,"Overspeed in engine, overheating of components, excess vibrations from broken mounts incorrect engine setup, poor lubrication",2,Engine SOS,3,24,Inspect for optimal replacement interval of engine.
Power Unit,Engine,Cam,Mechanical  failure,"Loss of power, leaking of fluids, and possible engine failure",4,"Large impacts, incorrect handling during installation, corrosion of components",2,"Engine oil sampled, drained and re-filled on all PM services, coolant and oil levels checked daily",3,24,Inspect for optimal replacement interval of engine.
Power Unit,Engine,Valves,Wearing components,Loss of power / catastrophic engine failure,4,"Overspeed in engine, overheating of components, excess vibrations from broken mounts incorrect engine setup, poor lubrication",2,Engine SOS,3,24,Inspect for optimal replacement interval of engine.
Power Unit,Engine,Valves,Mechanical  failure,"Loss of power, leaking of fluids, and possible engine failure",4,"Large impacts, incorrect handling during installation, corrosion of components",2,"Engine oil sampled, drained and re-filled on all PM services, coolant and oil levels checked daily",3,24,Inspect for optimal replacement interval of engine.
Power Unit,Engine,Cylinders,Wearing components,Loss of power / catastrophic engine failure,4,"Overspeed in engine, overheating of components, excess vibrations from broken mounts incorrect engine setup, poor lubrication",2,Engine SOS,3,24,Inspect for optimal replacement interval of engine.
Power Unit,Engine,Cylinders,Mechanical  failure,Loss of power / catastrophic engine failure,4,"Large impacts, incorrect handling during installation, corrosion of components",2,"Engine oil sampled, drained and re-filled on all PM services, coolant and oil levels checked daily",3,24,Inspect for optimal replacement interval of engine.
Power Unit,Engine,Belts,Wearing components,Loss of function of belt-driven components,3,General wear and tear on component,4,Inspected every 125 hour service,2,24,"Check belts and assembly belts for wearing, stretching and damage at 1000 hour service."
Power Unit,Engine,Belts,Mechanical failure,Loss of function of belt-driven components,4,"Incorrect installation, impact with debris or other material",4,Inspected every 125 hour service,2,32,
Power Unit,Engine,Fan,Mechanical Failure,Overheating of engine,4,Fan bearing collapse,2,Inspected every 125 hour service,2,16,
Power Unit,Engine,Fan,Physical damage,Overheating of engine,4,Debris damages fan blades,2,Inspected every 125 hour service,2,16,
Power Unit,Electrical System,ECU,Overloading,"Loss of function, fire, engine shutdown",4,Shorting of connections incorrect rating of fuse installed,2,Investigated upon component failure.,3,24,
Power Unit,Electrical System,ECU,Corrosion,"Loss of function, fire, engine shutdown",4,Exposure of terminals and plugs to contaminating elements,2,"Visual inspection and testing of some components during scheduled maintenance, electrical connections are sealed where possible.",3,24,
Power Unit,Electrical System,ECU,Corrosion,"Loss of function, fire, engine shutdown",4,"impacts to ecu module, incorrect or loose mounting",2,Investigated upon component failure.,2,16,
Power Unit,Electrical System,Fuses,"Overloading,","Loss of function, fire, engine shutdown",3,Shorting of connections incorrect rating of fuse installed,3,Investigated upon component failure.,3,27,
Power Unit,Electrical System,Wiring Harness,Corrosion,"Loss of function, fire, engine shutdown, terminal connections ineffective and brittle wires",3,Exposure to contaminants over time,3,No current controls,3,27,Grease (add sealant) all connections and plugs every 125 hour service
Power Unit,Electrical System,Wiring Harness,Physical damage,"Loss of function, fire, engine shutdown",4,May be caused by broken mounting points or insufficient cable flex to allow adequate range of movement,2,Visual inspection and testing of wiring during scheduled maintenance.,2,16,
Power Unit,Electrical System,Wiring Harness,Overloading,"Loss of function, fire, engine shutdown, multiple component failure",3,Loading components beyond their rated capacity,2,Circuit breaker will trip upon overloading,2,12,
Power Unit,Electrical System,Sensors,Wearing,Sensor may give erroneous readings or fail completely,3,Physical impact to sensors or incorrect installation,3,Visual inspection during 125 hour services,2,18,
Power Unit,Electrical System,Sensors,Corrosion,Loss of Function,3,Exposure of terminals and plugs to contaminating elements,3,Visual inspection during 125 hour services,2,18,"Perform operational test every 250 hour service - stall speed, high and low idle tests. Grease (add sealant) all connections and plugs every 125 hour service."
Power Unit,Electrical System,Sensors,Overloading,Sensor will malfunction; unable to operate,3,Shorting of connections incorrect rating of fuse installed,2,Circuit breaker will trip upon overloading,3,18,
Power Unit,Electrical System,Actuators,Wearing,"Actuator may function intermittently, at reduced capacity or fail altogether",3,Physical impact to actuator or incorrect installation,2,Visual inspection during 125 hour services,2,12,
Power Unit,Electrical System,Actuators,Corrosion,Loss of Function,3,Exposure of terminals and plugs to contaminating elements,2,Visual inspection during 125 hour services,2,12,
Power Unit,Electrical System,Actuators,Overloading,actuator may be partially or completely destroyed,3,Shorting of connections incorrect rating of fuse installed,2,Circuit breaker will trip upon overloading,3,18,
Power Unit,Cooling System,Radiator,Leaks,"Loss of power and engine damage, loss of coolant",3,"leaving the cap off, broken pipes, broken components/fittings, incorrect coolant used, level not maintained",4,"Daily visual inspection, coolant SOS every 500 hour service",2,24,Inspect radiator hoses at 250 hour service. Inspect mounting and torques at 500 hour service.
Power Unit,Cooling System,Radiator,Blockages,Reduced Cooling capacity,3,"Debris and contaminates entering coolant, use of incorrect coolant may corrode the cooling system",1,Radiator checked for blockages every scheduled 125 hour service,3,9,Inspect for optimal replacement interval.
Power Unit,Cooling System,Radiator,Blockages,Reduced Cooling capacity,3,"Debris and contaminates entering coolant, use of incorrect coolant may corrode the cooling system",1,Radiator checked for blockages every scheduled 125 hour service,3,9,
Power Unit,Cooling System,Water Pump,Mechanical Failure,"Loss of Cooling Capacity, engine shutdown",4,"Collapsed bearing, impellor destroyed, pump run dry, General wear and tear to pump",3,Water pump inspected every 125 hour service,3,36,
Power Unit,Cooling System,Water Pump,Leaks,Loss of cooling fluid and system pressure,3,"damage to fittings, corrosion of case, improper installation, failed gasket",2,Water pump inspected every 125 hour service,2,12,
Power Unit,Cooling System,Water Pump,Wearing,Possible reduced or loss of cooling function,3,"Physical impact to casing, improper mounting of the water pump to the engine",2,Water pump inspected every 125 hour service,2,12,
Power Unit,Cooling System,Coolant hoses,Leaking,Loss of cooling fluid and system pressure,2,"Wearing of hoses,  Physical impact causing tears",3,No current controls,2,12,Inspect hoses every 125 hour service
Power Unit,Cooling System,Coolant tank,Leaking,Loss of cooling fluid and system pressure,2,Physical impact tank cracks,3,Coolant SOS,2,12,Inspect tank every 125 hour service. Change coolant filter at 500 hour service. Change coolant at 2000 hour service.
Power Unit,Cooling System,Fan drive assembly,Wearing,Heating of power unit.,2,Wearing over time.,3,Inspection on 125 hour service.,2,12,Inspect for optimal replacement interval.Check engine fan assembly at 500 hour service.
Power Unit,Air Intake System,Air filter,Reaches end of usable life,"Intake contaminated, loss of power",3,Extremely dusty operating conditions,5,Scheduled change out on 125 hour service,1,15,Check air filter indicators on daily inspections
Power Unit,Air Intake System,Air filter housing,Physical damage,Filters may become damaged or bypassed,3,Impact to assembly,4,Visual inspection daily for damages,2,24,
Power Unit,Air Intake System,Turbocharger,Mechanical Failure,"Loss of power,  smokey engine",3,"Contaminated air flow, lack of lubrication, lack of cooling, excessive vibrations",3,Scheduled component change out,3,27,
Power Unit,Air Intake System,Turbocharger,Leaking,"Loss of power, smokey engine",2,Missing clamp connections or damaged fittings,3,Inspect induction hoses and joints every 125 hour service,3,18,
Power Unit,Air Intake System,Mass air flow sensor,Corrosion,"Loss of power, smokey engine, engine shutdown",2,Exposure to contaminats that may cause corrosion of terminals and plug conections,3,Investigated upon component failure.,3,18,
Power Unit,Air Intake System,Mass air flow sensor,Overloading,"Loss of power smokey engine, engine shutdown",2,Shorting of connections incorrect rating of fuse installed,2,Investigated upon component failure.,3,12,
Power Unit,Air Intake System,Mass air flow sensor,Physical damage,"Loss of power smokey engine, engine shutdown",2,Sensor may be damaged by impact or incorrect installation of component,2,Investigated upon component failure.,2,8,
Power Unit,Air Intake System,Charge Air Cooler,Physical damage,"Loss of power smokey engine, engine shutdown",2,Physical Impact,2,Visual inspection on 125 hour services,2,8,
Power Unit,Air Intake System,Inlet Manifold,Physical damage,"Loss of power smokey engine, engine shutdown",3,Physical impact,2,Visual inspection on 125 hour services,2,12,
Power Unit,Air Intake System,Inlet Manifold,Leaking,"Loss of power smokey engine, engine shutdown",2,"incorrect installation, broken gasket or fitting, loose mounting point",3,Visual inspection on 125 hour services,3,18,
Power Unit,Lubrication System,Sump,Leak,"Overheating engine, excessive wearing, fire, catastrophic engine failure, enviromental damage",2,Loose or damaged fittings,2,Daily visual inspection,2,8,
Power Unit,Lubrication System,Sump,Dents or cracks,"Loss of oil leading to overheating, excess component wear, fire, catastrophic engine failure, enviromental damage",3,Physical impact to sump,2,Daily visual inspection,1,6,
Power Unit,Lubrication System,Lubrication Pump,Leaks,"Loss of oil leading to overheating, excess component wear, fire, catastrophic engine failure, enviromental damage",3,"Incorrect fittings, loose fittings, General wear and tear",2,Daily visual inspection,2,12,
Power Unit,Lubrication System,Lubrication Pump,Mechanical Failure,"Engine shutdown on low pressure, may cause significant engine damage",3,"Pump mechanical failure from general wear or impact, bearing failure",2,Investigated upon component failure.,3,18,
Power Unit,Lubrication System,Lubrication Pump,Dents or cracks,May reduce oil pressure or cause oil leak leading to fire hazard,2,Physical impact,2,Investigated upon component failure.,2,8,
Power Unit,Lubrication System,Oil Cooler,Leaks,"Fire hazard, may reduce oil pressure and cause shutdown, oil may be present in coolant or coolant in oil",3,may be caused by loose or damage fitings or radiator core,3,visual inspection for leaks daily,2,18,
Power Unit,Lubrication System,Oil Cooler,Blocked,"possible damage to system due to back pressure, damage due to lack of flow of oil to engine",2,"may be cause by contaminated oil, or internal corrosion of core and lubrication system",3,Investigated upon component failure.,3,18,
Power Unit,Lubrication System,Oil Filter,Leaks,"Loss of oil, possible fire hazard",3,"may be caused by a damaged filter, or filter head, missing or damaged seal, incorrect installation",2,visual inspection for leaks daily,2,12,
Power Unit,Lubrication System,Oil Filter,Wearing,"Loss of oil, possible fire hazard",2,physicall impact to filter or incorrect instalation,3,visual inspection for daily,1,6,
Power Unit,Lubrication System,Oil Filter,Blocked,"contamination of oil, possible damage to system if bypass valve is non functioning",3,"incorrect instalation, contamination of oil",2,change oil and filter on all pm services,3,18,
Power Unit,Lubrication System,Lubrication lines,Blocked,"Excessive componont wear, engine failure; possible fire hazard",3,"Contaminated oil, debris from engine component failure",2,Inspected daily and on 125 hour services,4,24,
Power Unit,Lubrication System,Lubrication lines,Leaks,"Loss of oil, and lubrication, possible fire hazard",2,"Loose fittings, possible incorrect installation,",2,Inspected daily and on 125 hour services,3,12,
Power Unit,Lubrication System,Lubrication lines,Physical damage,"Excessive componont wear, engine failure; possible fire hazard",3,Physical impact to lines,2,Inspected daily and on 125 hour services,2,12,
Power Unit,Lubrication System,Dipstick,Broken,Unable to check engine oil level,1,Item impacted,3,Used daily,1,3,
Power Unit,Exhaust System,Exhaust Stack,Physical damage,Reduced emissions performance,2,"Excessive vibration, broken waste gate",3,Scheduled component change out,1,6,Clean exhaust purifier at 1000 hour service.
Power Unit,Exhaust System,Exhaust Manifold,Physical damage,Loss of power hot gas in engine bay reduced emissions quality,2,Item impacted,3,Inspected daily and on 125 hour services,2,12,
Power Unit,Exhaust System,Exhaust Manifold,Leaking,Loss of power hot gas in engine bay reduced emissions quality,2,"Corrosion of manifold, incorrect installation, damaged gasket",3,Inspected daily and on 125 hour services,3,18,
Power Unit,Exhaust System,Catalytic converter,Physical damage,Reduction in emissions quality,1,Physical impact,3,Inspected daily and on 125 hour services,2,6,
Power Unit,Exhaust System,Catalytic converter,Contamination,Reduction in emissions quality,1,"Poor quality fuel or additives, harsh operating enviroment",2,Inspected daily and on 125 hour services,4,8,
Power Train,Upbox,Housing,Wearing,Damage to upbox components,4,"Physical Impact, incorrect installation",2,Visual inspection,2,16,Inspect for optimal replacement interval of component.
Power Train,Upbox,Gears,Wearing,Damage to gear teeth or bearings,3,"Physical Impact, incorrect installation",3,Oil sample wear test,4,36,"Training for correct installation, investigate methods to better utilise oil samples"
Power Train,Upbox,Coupling,Wearing,Possible excess vibrations or complete failure of joint,3,"Physical Impact, incorrect installation",3,Visual inspection,3,27,Inspect for optimal replacement interval of component.
Power Train,Upbox,Lubrication,Incorrect Lubrication,Increased wear of heating of components,2,Servicing error,2,Oil  Sample Wear Test regular oil change and oil storage management,4,16,
Power Train,Upbox,Lubrication,Degradation of Lubrication,Increased wear of heating of components,1,"Blocking of breather cap,  poor storage or mixing of oils",2,Oil  Sample Wear Test,4,8,
Power Train,Upbox,Sensors,Wearing,Loss of function of sensor,3,"Physical Impact, incorrect installation",3,Investigated upon component failure,3,27,
Power Train,Upbox,Sensors,Corrosion,Loss of function of sensor,3,"Exposure to contaminates, physical damage to sensor, grounding or crossing of cables to give false reading",3,Investigated upon component failure,3,27,Include visual inspection for corrosion during PM service: 500 hrs
Power Train,Dropbox,Housing,Wearing,Damage to upbox components,4,"Physical Impact, incorrect installation",2,Investigated upon component failure,2,16,Inspect for optimal replacement interval of component.
Power Train,Dropbox,Gears,Wearing,Damage to gear teeth or bearings,3,"Physical Impact, incorrect installation",3,Investigated upon component failure,4,36,Include visual inspection of dropbox components during PM services - 500 hrs
Power Train,Dropbox,Coupling,Wearing,Possible excess vibrations or complete failure of joint,3,"Physical Impact, incorrect installation",3,Inspected at 125hr service,3,27,Inspect for optimal replacement interval of component.
Power Train,Dropbox,Lubrication,Incorrect Lubrication,Increased wear of heating of components,2,Servicing error,2,Oil sample wear test,4,16,
Power Train,Dropbox,Lubrication,Degradation of Lubrication,Increased wear of heating of components,1,"Blocking of breather cap,  poor storage or mixing of oils",2,Oil  Sample Wear Test regular oil change and oil storage management,4,8,
Power Train,Dropbox,Sensors,Wearing,loss of function of sensor,3,"Physical Impact, incorrect installation",3,Investigated upon component failure,3,27,
Power Train,Dropbox,Sensors,Corrosion,loss of function of sensor,3,"Exposure to contaminates, physical damage to sensor, grounding or crossing of cables to give false reading",3,Investigated upon component failure,3,27,
Power Train,Dropbox,Cooler,"Wearing, dirt build up",Components heat up,2,Wearing of component over time; dirt build up on cooler and fins,3,Investigated upon component failure,2,12,Check dropbox cooler and fins and remove dirt build-up on 500 hour service
Power Train,Transmission,Electronic control unit (ECU),Wearing,damage to unit causing partial or complete failure,4,"Physical Impact, incorrect installation",3,Investigated upon component failure,3,36,Inspect for optimal replacement interval of component.
Power Train,Transmission,Electronic control unit (ECU),Corrosion,Partial or complete loss of function due to component  or connection failure,4,"Exposure to contaminates, physical damage to sensor, grounding or crossing of cables to give false reading",3,Investigated upon component failure,3,36,Investigate method to include auto-electrical servicing in PM services. Grease (add sealant) all connections and plugs every 500 hour service.
Power Train,Transmission,Electronic control unit (ECU),Overloading,possible permanent damage to ecu resulting in blown fuses or component damage,4,Shorting of sensor power surge,2,Investigated upon component failure,4,32,
Power Train,Transmission,Control valve,Wearing,Damage to valve preventing normal function,4,"Physical Impact, incorrect installation",2,Investigated upon component failure,3,24,
Power Train,Transmission,Torque converter,Wearing,physical damage to the torque converter reducing or,3,"Physical Impact, incorrect installation",2,Investigated upon component failure,3,18,
Power Train,Transmission,Torque converter,Incorrect Lubrication,"increased wear on components, increased heating of components",2,Servicing error,2,Oil sample wear test,4,16,
Power Train,Transmission,Torque converter,Degradation of Lubrication,"increased wear on components, increased heating of components",1,"Blocking of breather cap,  poor storage or mixing of oils",2,Oil sample wear test regular oil change and oil storage management,4,8,
Power Train,Transmission,Lock-up clutch,Wearing,Lock up clutch cannot be engaged at synch speed,3,"Physical Impact, incorrect installation",2,Investigated upon component failure,4,24,"Training for correct installation, include visual inspection of clutch during PM service: 500 hrs"
Power Train,Transmission,Planetary gear sets,Wearing,"physical damage to gears causing stripping of teeth, collapse of bearings or deformation",3,"Physical Impact, incorrect installation",3,Oil sample wear test,4,36,"Training for correct installation, investigate methods to better utilise oil samples"
Power Train,Transmission,Transmission hydraulics,Wearing,Loss of Hydraulic oil or blockage,3,"Physical Impact, incorrect installation",3,Investigated upon component failure,2,18,
Power Train,Transmission,Transmission hydraulics,Leaking,loss of hydraulic oil,3,"Loose fittings, incorrect installation, degraded seals, General wear and tear on components",3,Visual inspections on daily,3,27,
Power Train,Transmission,Retarder Actuator,Wearing,actuator will not function correctly,4,"Physical Impact, incorrect installation",2,Visual inspection at 125hr service,2,16,
Power Train,Transmission,Retarder Actuator,Leaking,reduced or lost function,3,"Loose fittings, incorrect installation, degraded seals, General wear and tear on components",2,Visual inspection at 125hr service,2,12,
Power Train,Transmission,Retarder Slave Cylinder,Wearing,reduced or lost function,3,"Physical Impact, incorrect installation",2,Visual inspection at 125hr service,2,12,
Power Train,Transmission,Retarder Valve,Leaking,reduced or lost function,3,"Loose fittings, incorrect installation, degraded seals, General wear and tear on components",2,Investigated upon component failure,2,12,
Power Train,Transmission,Transmission to Front Axle Driveline,Wearing,Complete failure or increased stress and vibrations,3,"Physical Impact, incorrect installation",3,Visual inspection at 125hr service,2,18,
Power Train,Transmission,Transmission Mount,Wearing,Complete failure or increased stress and vibrations,2,"Physical Impact, incorrect installation",3,Visual inspection at 125hr service,2,12,Check bolt connection torques on 500 hour service
Power Train,Transmission,Transmission Input Seal,Wearing,Complete failure or increased stress and vibrations possible contamination and damage to internal parts,3,"Physical Impact, incorrect installation",2,Visual inspection at 125hr service,2,12,
Power Train,Transmission,Transmission filter housing,Wearing,Loss of hydraulic oil,3,"Physical Impact, incorrect installation",2,Visual inspection at 125hr service,2,12,
Power Train,Axles,Front and rear axles,Physical damage,Wearing of components,3,"Physical Impact, incorrect installation",3,Oil sample wear test,2,18,Axle breather - Check for damage.
Power Train,Axles,Front and rear axles,Loose bolts,Axle vibrates loose,3,Excessive vibration of components causing vehicle breakdown,2,No current controls,3,18,Check bolt connection torques on 500 hour service
Power Train,Axles,Differential,Wearing,"Increased wear or heating of components, degradation of lubrication",2,Servicing error,2,Oil sample wear test,5,20,Inspect for optimal replacement interval of component.
Power Train,Axles,Differential,Wearing,"Increased wear or heating of components, degradation of lubrication",2,"Blocking of breather cap,  poor storage or mixing of oils, servicing error",2,Oil sample wear test,5,20,Check for damage or blockages in axle breather on 125 hour service
Power Train,Axles,Planetary,Wearing,"Increased wear or heating of components, degradation of lubrication",2,"Blocking of breather cap,  poor storage or mixing of oils, servicing error",2,Oil sample wear test,3,12,"Check oil level, inspect/clean breathers on 125 hour service. Change oil on 500 hour service."
Power Train,Axles,Tie plate,Cracking,Increased vibration of axle components,3,"Physical impact, wearing over time",2,No current controls,3,18,Check tie plate torques on 500 hour service
Power Train,Drivelines,Engine to Transmission Driveline,"Wearing, loose fittings",Excessive vibration to driveline components,3,"Physical Impact, incorrect installation",3,Visual inspection at 125hr service,2,18,Check bolt torques and universal joint torques on 500 hour service.
Power Train,Drivelines,Articulation Driveline,Wearing,Increased stress on connected components,3,Lubrication of slip joint wears thin,3,Visual inspection at 125hr service,2,18,Inspect and lubricate driveline slip joint and universal joints on 125\ hour service. Inspect for optimal replacement interval of component.
Power Train,Drivelines,Articulation Driveline,Loose fittings,Excessive vibration to driveline components,3,Vibration causing loose bolts and universal joints,3,Visual inspection at 125hr service,2,18,Check bolt torques and universal joint torques on 500 hour service.
Power Train,Drivelines,Articulation Driveline,Loose fittings,Excessive vibration to driveline components,3,Wearing of articulation bearings over time,3,Visual inspection at 125hr service,2,18,Check articulation joint bearings on 500 hour service.
Power Train,Drivelines,Rear Axle Driveline,"Wearing, loose fittings",Excessive vibration to driveline components,3,"Physical Impact, incorrect installation",3,Visual inspection at 125hr service,2,18,Check bolt torques and universal joint torques on 500 hour service.
Power Train,Drivelines,Rear Driveline Pillow Block,Wearing,Excessive vibration to driveline components,2,"Physical Impact, incorrect installation",3,Visual inspection at 125hr service,2,12,
Power Train,Drivelines,Drivelines Centre Bearing,Wearing,Excessive vibration to driveline components,3,"Physical Impact, incorrect installation",3,Visual inspection at 125hr service,3,27,
Power Train,Drivelines,Driveshaft,Wearing,Excessive vibration to driveline components,3,"Physical Impact, incorrect installation",2,Visual inspection at 125hr service,2,12,
Power Train,Drivelines,High Speed Shaft,Wearing,Excessive vibration to driveline components,3,"Physical Impact, incorrect installation",2,Visual inspection at 125hr service,2,12,
Power Train,Wheelends,Tyre,Balding,Tyres wearing,3,Wearing over time,4,Visual inspection on daily,2,24,
Power Train,Wheelends,Rim,Wearing,Damage to rim,3,"Physical impact, or wearing over time",3,Visual inspection on daily,2,18,Check torques on wheel bolts and nuts during 125 hour service.
Power Train,Wheelends,Flanges,Wearing,Damage to flange,2,"Physical impact, or wearing over time",3,Visual inspection on daily,2,12,
Power Train,Wheelends,Brakes,Wearing,Safety compromised,3,Wearing over time,2,Visual inspection on daily,2,12,Check brake cooling radiator fins during 500 hour service. Change brake pump filter on 500 hour service. Check lining wear at 1000 hour service. 
Hydraulic System,Cylinders,Suspension Cylinder,Leaking,"Reduced efficiency of component, loss of hydraulic oil",2,"General wear and tear, Physical impacts, incorrect installation of seals",3,Visual inspection for scheduling of preventative maintenance. Hydraulic SOS every 500 hours.,2,12,
Hydraulic System,Cylinders,Suspension Cylinder,Wearing,Vibration increase leading to further fram and component damage,2,Physical impact,3,Visual inspection for scheduling of preventative maintenance. Hydraulic SOS every 500 hours.,2,12,Inspect for optimal replacement interval of component.
Hydraulic System,Cylinders,Suspension Bushing,Wearing,Wearing over time,2,Wearing over time,3,Inspect front suspension bushing at 125 hour service.,2,12,Inspect front suspension bushing for wearing on 125 hour service.
Hydraulic System,Cylinders,Steering Cylinder,Leaking,"Reduced efficiency of component, loss of hydraulic oil",2,"General wear and tear, steering controll valve failure, incorrect installation of seals",3,Visual inspection for scheduling of preventative maintenance. Hydraulic SOS every 500 hours.,2,12,
Hydraulic System,Cylinders,Steering Cylinder,Wearing,"Loss of steering, or reduced function",2,Physical Impact,3,Visual inspection for scheduling of preventative maintenance. Hydraulic SOS every 500 hours.,2,12,Inspect for optimal replacement interval of component.
Hydraulic System,Cylinders,Hoist Cylinder,Leaking,"Reduced efficiency of component, loss of hydraulic oil",2,"General wear and tear, physical impacts, incorrect installation of seal or cylinder",1,Visual inspection for scheduling of preventative maintenance. Hydraulic SOS every 500 hours.,2,4,
Hydraulic System,Cylinders,Hoist Cylinder,Wearing,"Component may fail completly, unable to raise tub",2,Physical impacts,2,Visual inspection for scheduling of preventative maintenance. Hydraulic SOS every 500 hours.,3,12,Inspect for optimal replacement interval of component.
Hydraulic System,Fittings,Hoses,Wearing,"Loss of hydraulic fluid, reduced function of hydraulic system, fire",3,"Physical impact, Rubbing of hose, exposure to heat",2,Visual inspection for scheduling of preventative maintenance. Hydraulic SOS every 500 hours.,2,12,
Hydraulic System,Fittings,Hoses,Leaking,"Reduced hydraulic pressure, Loss of function of compontns, fire",3,General wear and tear,2,Visual inspection for scheduling of preventative maintenance. Hydraulic SOS every 500 hours.,2,12,
Hydraulic System,Fittings,Fittings,Wearing,"Loss of hyrdaulic fluid, reduced function of hydraulic system, Fire",2,Physical impacts,3,Visual inspection for scheduling of preventative maintenance. Hydraulic SOS every 500 hours.,2,12,
Hydraulic System,Fittings,Fittings,Leaking,"Loss of hyrdaulic fluid, reduced function of hydraulic system, Fire",2,"Incorrect installation, loosening with time, missing washer",3,Visual inspection for scheduling of preventative maintenance. Hydraulic SOS every 500 hours.,2,12,
Hydraulic System,Pumps,Fittings,Mechanical failure,"Reduced hydraulic pressure,",1,"Physical impact,General wear and tear, failure of safety relief valves, increased vibration",3,Investigated upon component failure.,2,6,Collect failure information and and record replacement intervals.
Hydraulic System,Pumps,Fittings,Leaking,"Reduced hydraulic Pressure, Loss of function of components, Fire",2,"Incorrect instalation, General wear and tear,",3,Visual inspection for scheduling of preventative maintenance. Hydraulic SOS every 500 hours.,2,12,Collect failure information and and record replacement intervals.
Hydraulic System,Pumps,Fittings,Wearing,"Reduced Hydraulic pressure, loss of hydraulic fluid possible fire hazard",4,"Physical impact, loose mounting",2,Visual inspection for scheduling of preventative maintenance. Hydraulic SOS every 500 hours.,2,16,Collect failure information and and record replacement intervals.
Hydraulic System,Valves,Fittings,Mechanical failure,"Overcharging of system, reduced functionality and control over hydraulic system,",4,Physical impact and General wear and tear,3,Investigated upon component failure.,2,24,Collect failure information and and record replacement intervals.
Hydraulic System,Valves,Fittings,Leaking,"loss of control of system, loss of hydraulic fluid, possible fire hazard",3,"General wear and tear, incorrect installation",3,Visual inspection for scheduling of preventative maintenance. Hydraulic SOS every 500 hours.,2,18,Collect failure information and and record replacement intervals.
Hydraulic System,Valves,Fittings,Wearing,"loss of control of system, loss of hydraulic fluid, possible fire hazard",4,"Physical impact, loose mounting point",2,Visual inspection for scheduling of preventative maintenance. Hydraulic SOS every 500 hours.,2,16,Collect failure information and and record replacement intervals.
Hydraulic System,Accumulators,Fittings,Leaking,"Overloading of hydraulic system, Increased system vibrations",3,"Physical impact and General wear and tear, failure to correctly charge accumulator",3,Pressure testing For Scheduling of Corrective Maintenance,2,18,Collect failure information and and record replacement intervals.
Hydraulic System,Accumulators,Fittings,Mechanical failure,"No dampening in system, may cause severe damage to other components",3,"General wear and tear leading to loss of charge, incorrect instalation",3,Pressure testing For Scheduling of Corrective Maintenance,2,18,Collect failure information and and record replacement intervals.
Hydraulic System,Accumulators,Fittings,Wearing,"No dampening in system, may cause severe damage to other components",3,Physical impact incorrect/loose mounting,2,Visual inspection for scheduling of preventative maintenance. Hydraulic SOS every 500 hours.,2,12,Collect failure information and and record replacement intervals.
Hydraulic System,Tank,Fittings,Leaking,"loss of hydraulic oil, eventually causing loss of system hydraulic pressure, enviromental contamination",3,General wear and tear,2,Visual inspection for scheduling of preventative maintenance. Hydraulic SOS every 500 hours.,2,12,Inspect oil tank breather for blockages on 125 hour service. Clean breather at 1000 hour service.
Hydraulic System,Tank,Fittings,Wearing,"Possible contamination of oil, loss of hydraulic oil, eventually causing loss of system hydraulic pressure, enviromental contamination",4,Physical impact,2,Visual inspection for scheduling of preventative maintenance. Hydraulic SOS every 500 hours.,2,16,
Hydraulic System,Filters,Fittings,Blockage,increased Back pressure and loss of system performance,4,"contaminated oil, broken component part, incorrect instalation",2,"Visual inspection of filter element on dailys,oil sampled and filters replaced every 500hrs, hydraulic oil replaced every 500 hrs",2,16,Inspect filter indicator at 125 hour service.
Hydraulic System,Filters,Fittings,Leaking,"loss of control of system, loss of hydraulic fluid, possible fire hazard",3,"Incorrect instalation damage to filter head, filter as become loose",2,"Visual inspection of filter element on dailys,oil sampled and filters replaced every 500hrs, hydraulic oil replaced every 500 hrs",2,12,
Hydraulic System,Filters,Fittings,Wearing,"increased  contamination, possible loss of hydraulic fluid and fire hazard",4,Physical impact,2,"Visual inspection of filter element on dailys,oil sampled and filters replaced every 500hrs, hydraulic oil replaced every 500 hrs",2,16,Replace filter at 500 hour service.
Hydraulic System,Actuators,Fittings,Mechanical failure,Acctuator does not achive desired effect,4,2,2,Investigated upon component failure.,2,16,
Hydraulic System,Actuators,Fittings,Leaking,"loss of control of system, loss of hydraulic fluid, possible fire hazard",3,"General wear and tear, incorrect installation,",3,Visual inspection for scheduling of preventative maintenance. Hydraulic SOS every 500 hours.,2,18,
Hydraulic System,Actuators,Fittings,Wearing,"Loss of control of system, possible loss of hydraulic fluid and fire",4,Physical impact,2,Investigated upon component failure.,2,16,
Electrical System,Wiring Harness,Wiring,Snapped wires,"Loss of function of one or more components, engine shutdown ( may initially present as intermittent fault). Exposure to heat/rubbing on components.",2,May be caused by broken mounting points or insufficient cable flex to allow adequate range of movement,2,Visual imspection on PM services,3,12,Check upbox and dropbox wiring harnesses conditions on 500 hour service.
Electrical System,Wiring Harness,Plugs,Corrosion (Green Death),"Loss of function of one or more components, engine shutdown May present as intermittent fault",2,Electrical components become corroded with exposure to contaminates over time making terminal connections ineffective and the wire brittle with higher possibility of physical damage occurring,2,Visual imspection on PM services,3,12,Add sealant to connections and plugs.
Electrical System,Wiring Harness,Fuses & Wires,Overloading,"Blown Fuses, Loss of function of one or more components, engine shutdown",2,"Loading components beyond their rated capacity may lead to partial or catastrophic failure, there is also the potential for multiple component failure",3,Visual imspection on PM services,3,18,
Electrical System,Actuators,Fuses & Wires,Mechanical failure,Actuator does not function,3,"General wear and tear, incorrect installation",3,Investigated upon component failure.,3,27,
Electrical System,Actuators,Fuses & Wires,Corrosion (Green Death),Actuator does not function,3,"exposure of terminals,plugs and wire to corrosive enviroment",3,Visual imspection on PM services,2,18,Add sealant to connections and plugs.
Electrical System,Actuators,Fuses & Wires,Wearing,Actuator does not function,3,"Physical impact, incorrect mounting",2,Investigated upon component failure.,2,12,Collect failure information and and record replacement intervals.
Electrical System,Actuators,Fuses & Wires,Overloading,Actuator overloaded damaging component or blows a fuse,3,Shorting of connections incorrect rating of fuse installed,2,Investigated upon component failure.,3,18,Collect failure information and and record replacement intervals.
Electrical System,Component Box,Fuses,Overloading,"Blown Fuses, Loss of function of one or more components, engine shutdown",3,"Loading components beyond their rated capacity may lead to partial or catastrophic failure, there is also the potential for multiple component failure",2,Investigated upon component failure.,2,12,Collect failure information and and record replacement intervals.
Electrical System,Component Box,Circuit Breakers,Overloading,"Circuit Breaker Tripped, loss of function or engine shutdown",3,"Loading components beyond their rated capacity may lead to partial or catastrophic failure, there is also the potential for multiple component failure",2,Investigated upon component failure.,2,12,Collect failure information and and record replacement intervals.
Electrical System,Charging and Ignition,Ignition switch,Wearing,Machine will not start or run correctly,3,"loose wires physical damage to wires or ignition barrel,",2,Investigated upon component failure.,2,12,
Electrical System,Charging and Ignition,Ignition switch,Overloading,Machine will not start or run correctly,3,Shorting of connections incorrect rating of fuse installed,2,Investigated upon component failure.,3,18,
Electrical System,Charging and Ignition,Ignition switch,Corrosion,Machine will not start or run correctly,3,Electrical components become corroded with exposure to contaminates over time making terminal connections ineffective and the wire brittle with higher possibility of physical damage occurring,2,Investigated upon component failure.,3,18,
Electrical System,Charging and Ignition,Alternator,Corrosion,batteries will not charge,3,"exposure to contaminates,  removal of lead protection",3,Investigated upon component failure.,3,27,Check harnesses for corrosion; add sealant to connection at 1000 hour service. Inspect for optimsal replcement interval.
Electrical System,Charging and Ignition,Alternator,Physical damage,batteries will not charge,3,"incorrect installation, General wear and tear on rotating components,",3,Investigated upon component failure.,3,27,
Electrical System,Charging and Ignition,Alternator,Overloading,batteries will not charge,3,"using the isolation switch to turn off the machine alternators operated on open circuit with the field winding energized. High voltages will result, causing possible rectifier failure",3,Investigated upon component failure.,3,27,
Electrical System,Charging and Ignition,Starter Motor,Corrosion,Machine will not start,3,"Exposure to contaminates,  removal of lead protection",3,Investigated upon component failure.,3,27,Check wiring for corrosion; add sealant to connections at 1000 hour service.
Electrical System,Charging and Ignition,Starter Motor,Wearing,Machine will not start,3,"incorrect installation, General wear and tear on rotating components,",3,Investigated upon component failure.,3,27,Inspect for optimsal replcement interval.
Electrical System,Charging and Ignition,Starter Motor,Overloading,Machine will not start,3,"shorting of wires wrong gauge fuse installed,",3,Investigated upon component failure.,3,27,
Electrical System,Charging and Ignition,Batteries,Corrosion,"Machine functions poorly under electrical load, batteries go flat quickly, machine is difficult to start",2,exposure of wiring and terminals to corrosive contaminants,3,Checked at 125hr service interval,3,18,Add sealant to connections and plugs.
Electrical System,Charging and Ignition,Batteries,Wearing,"Machine functions poorly under electrical load, batteries go flat quickly, machine is difficult to start, Possible leaking of",2,"Incorrect instalation, failure of battery restraints, impact on batery",2,Checked at 125hr service interval,2,8,Inspect battery cables for wearing during 125 hour service.
Electrical System,Charging and Ignition,Batteries,End of usable life,"Machine functions poorly under electrical load, batteries go flat quickly, machine is difficult to start",2,"Poor battery maintenance, overcharging undercharging , poor connections to battery",3,Checked at 125hr service interval,2,12,Fill with distilled water during 125 hour service.
Electrical System,Charging and Ignition,Battery Isolation Switch,"Physical Failure of switch,","Machine can not be isolated, or de-isolated",4,"Physical damage to the mechanism, corrosion, incorrect installation",2,tested every time the machine is isolated,2,16,
Electrical System,Charging and Ignition,Battery Isolation Switch,Overloading,isolation may not function,4,isolation point may short and therefore  not isolate the machine.,2,,2,16,
Electrical System,Cabin Controls,Wiper switch,Physical failure of switch,wipers may be non functioning of always on,2,"Physical damage to the mechanism, corrosion, incorrect installation",3,Investigated upon component failure.,2,12,
Electrical System,Cabin Controls,Wiper motor,Mechanical failure,Wiper will not function,2,"Wiper linkage becomes detached,",2,Investigated upon component failure.,2,8,
Electrical System,Cabin Controls,Wiper motor,Overloading,"Wiper does not function, damage to motor coil or fuse",2,"shorting of connections,or incorrect gauge fuse installed",2,,2,8,
Electrical System,Cabin Controls,Wiper motor,Corrosion,"Wiper does not function, damage to motor coil and wires",2,Contaminants cause the motor coil and connections to become corroded.,2,,2,8,
Electrical System,Cabin Controls,Horn,Mechanical Failure,Horn does not sound or may be stuck on,2,physical damage to switch or horn,2,Investigated upon component failure.,2,8,
Electrical System,Cabin Controls,Horn,Corrosion,Horn does not sound,2,"Corrosion of wiring , loss of power,",2,,2,8,
Electrical System,Cabin Controls,Horn,Overloading,Horn does not sound,2,"shorting of connections,or incorrect gauge fuse installed",2,,2,8,
Electrical System,Vehicle Driving Lights,Horn,"Overloading,",Lights inoperable,2,"Incorrect rated fuse or light, shorting of wires",2,Tested Daily,2,8,
Electrical System,Vehicle Driving Lights,Horn,Wearing,Lights inoperable,2,Lights or wiring physically damaged,2,Tested Daily,2,8,
Electrical System,Vehicle Driving Lights,Horn,Corrosion,"lights inoperable, may function at reduced power",2,contamination of conections and wiring causes corrosion,2,Tested Daily,2,8,
Electrical System,Air-conditioning,Compressor,Mechanical Failure,"Airconditioning inoperable,",2,"Compressor may be physically damaged, collapsed bearing, slipping belt, or have interal failings",3,Checked every 250hr service otherwise Investigated upon component failure.,3,18,
Electrical System,Air-conditioning,Compressor,Leaks,"Airconditioning looses gas and becomes inoperable, function will deterioat over time",2,incorrectly installed or damaged fittings,3,Checked every 250hr service otherwise Investigated upon component failure.,3,18,
Electrical System,Air-conditioning,Compressor,Corrosion,compressor wont run,2,corrosion of terminals and wiring prevents electrica clutch from engaging.,3,Checked every 250hr service otherwise Investigated upon component failure.,3,18,
Electrical System,Air-conditioning,Condenser,Leaking,"Air-conditioning inoperable,",2,"incorrect installation, loose or incorrect fittings, damage to the case by impact may lead to leaks",3,Checked every 250hr service otherwise Investigated upon component failure.,3,18,
Electrical System,Air-conditioning,Evaporator,Leaking,"Airconditioning inoperable,",2,"incorrect installation, loose or incorrect fittings",3,Checked every 250hr service otherwise Investigated upon component failure.,3,18,
Electrical System,Air-conditioning,Evaporator,Wearing,"Airconditioning inoperable,",2,damage to the case by impact may lead to leaks,3,Checked every 250hr service otherwise Investigated upon component failure.,2,12,Inspect for optimsal replcement interval.
Electrical System,Air-conditioning,Fan,Mechhanical Failue,"Airconditioning inoperable,",2,"Vibrations, broken fan blades, corrosion of terminals",2,Checked every 250hr service otherwise Investigated upon component failure.,2,8,
Electrical System,Air-conditioning,Fan,Corrosion,"Airconditioning inoperable,",2,contamination of conections and wiring causes corrosion,2,Checked every 250hr service otherwise Investigated upon component failure.,3,12,
Electrical System,Air-conditioning,Fan,Overloading,"Airconditioning inoperable,",2,Incorrect rated fuse or shorting of wires,2,Checked every 250hr service otherwise Investigated upon component failure.,3,12,
Electrical System,Air-conditioning,Filter,Blocked,"Poor air quality, or reduced air flow",2,"Dusty environment, physical damage of air filter component, incorrect installation",3,Changed  at 500hr service interval.,3,18,Clean air filter during 125 hour service.
Electrical System,Air-conditioning,Filter Housing,Wearing,"Poor air quality, or reduced air flow",2,impact on fiter housing,2,,2,8,
Electrical System,Air-conditioning,Vents,Wearing,Lack of control of air flow in cab,2,Incorrect use or installation,3,,1,6,
Electrical System,Programmable Logic Controller (PLC),Monitor dump box position,Corrosion,Warning light displayed,3,"Exposure to contaminates, physical damage to sensor, grounding or crossing of cables to give false reading",3,"Inspected every 250hr service, otherwise investigated upon component failure.",3,27,Collect failure information and and record replacement intervals.
Electrical System,Programmable Logic Controller (PLC),Monitor dump box position,Wearing,Warning light displayed,3,incorrect instalation or [hysical impact to the module may cause damage,2,"Inspected every 250hr service, otherwise investigated upon component failure.",2,12,Collect failure information and and record replacement intervals.
Electrical System,Programmable Logic Controller (PLC),Monitor dump box position,Overloading,"Warning light displayed, possible damage to PLC",3,Shorting of wires or surges to the PLC may cause serious damage,2,"Inspected every 250hr service, otherwise investigated upon component failure.",3,18,Collect failure information and and record replacement intervals.
Electrical System,Programmable Logic Controller (PLC),Alarms and lights,Corrosion,Alarms and lights inoperable,2,"Exposure to contaminates, physical damage to sensor, grounding or crossing of cables to give false reading",3,Checked daily.,2,12,Collect failure information and and record replacement intervals.
Electrical System,Programmable Logic Controller (PLC),Alarms and lights,Wearing,Alarms and lights inoperable,2,"Exposure to contaminates, physical damage to sensor, grounding or crossing of cables to give false reading",3,Checked daily.,2,12,Collect failure information and and record replacement intervals.
Electrical System,Programmable Logic Controller (PLC),Alarms and lights,Overloading,Possible dmagae to components and PLC,2,"Exposure to contaminates, physical damage to sensor, grounding or crossing of cables to give false reading",2,Checked daily.,2,8,Collect failure information and and record replacement intervals.
Electrical System,Programmable Logic Controller (PLC),Reverse Alarm,Corrosion,Reverse Alarm inoperable,2,"Damaged alarm or wiring, terminal corrosion, incorrect installation",3,Checked daily.,2,12,Collect failure information and and record replacement intervals.
Electrical System,Programmable Logic Controller (PLC),Reverse Alarm,Wearing,Reverse Alarm inoperable,2,"damage to the alarm by impact, or loose mounting",3,Checked daily.,2,12,Collect failure information and and record replacement intervals.
Electrical System,Programmable Logic Controller (PLC),Reverse Alarm,Overloading,Possible dmagae to components and PLC,2,shorting of wires or incorrect gauge fuse installed,2,Checked daily.,2,8,Collect failure information and and record replacement intervals.
Electrical System,Programmable Logic Controller (PLC),Release or set the parking brake,Corrosion,Parking brake locked on,3,Damage to wiring or actuator,2,Checked daily.,3,18,Collect failure information and and record replacement intervals.
Electrical System,Programmable Logic Controller (PLC),Release or set the parking brake,Overloading,unable to set/ disengage park brake,3,shorting of wires may prevent the parking brake from being iperated effficiently,2,Checked daily.,3,18,Collect failure information and and record replacement intervals.
Electrical System,Programmable Logic Controller (PLC),Park Brake Switch,Corrosion,unable to set/ disengage park brake,3,"Damage to wiring, or switch",2,Checked daily.,3,18,Collect failure information and and record replacement intervals.
Electrical System,Programmable Logic Controller (PLC),Park Brake Switch,Physical damage,unable to set/ disengage park brake,3,"incorrect installation of the switch, or Physical impact to the switch",2,Checked daily.,2,12,Collect failure information and and record replacement intervals.
Electrical System,Programmable Logic Controller (PLC),Park Brake Switch,Overloading,unable to set/ disengage park brake,3,shorting of wires,2,Checked daily.,3,18,Collect failure information and and record replacement intervals.
Electrical System,Programmable Logic Controller (PLC),Dash,Corrosion,Dash Display may not function correctly or show faults,2,"Damage to wiring, or lamps,",2,Checked every 125hr service interval.,3,12,Collect failure information and and record replacement intervals.
Electrical System,Programmable Logic Controller (PLC),Dash,Physical damage,Dash Display may not function correctly or show faults,2,impact breaking bulbs,2,Checked every 125hr service interval.,2,8,Collect failure information and and record replacement intervals.
Electrical System,Programmable Logic Controller (PLC),Dash,Overloading,Dash Display may not function correctly or show faults lamps or fuses blown,2,Shorting of wires or use of incorrect gauge fuses.,2,Checked every 125hr service interval.,3,12,Collect failure information and and record replacement intervals.
Electrical System,Programmable Logic Controller (PLC),Gears Sensor,Corrosion,Warning light displayed,2,"Exposure to contaminates, physical damage to sensor, grounding or crossing of cables to give false reading",2,Checked every 500hr service interval.,3,12,Collect failure information and and record replacement intervals.
Electrical System,Programmable Logic Controller (PLC),Gears Sensor,Physical damage,Warning light displayed,2,"Exposure to contaminates, physical damage to sensor, grounding or crossing of cables to give false reading",2,Checked every 500hr service interval.,2,8,Collect failure information and and record replacement intervals.
Electrical System,Programmable Logic Controller (PLC),Gears Sensor,Overloading,Warning light displayed,2,"Exposure to contaminates, physical damage to sensor, grounding or crossing of cables to give false reading",2,Checked every 500hr service interval.,3,12,Collect failure information and and record replacement intervals.
Electrical System,Programmable Logic Controller (PLC),Transmission Sensor,Corrosion,Engine shutdown or reduced gear selection,2,"Exposure to contaminates, physical damage to sensor, grounding or crossing of cables to give false reading",2,Checked every 500hr service interval.,3,12,Collect failure information and and record replacement intervals.
Electrical System,Programmable Logic Controller (PLC),Transmission Sensor,Physical damage,Engine shutdown or reduced gear selection,2,"Exposure to contaminates, physical damage to sensor, grounding or crossing of cables to give false reading",2,Checked every 500hr service interval.,2,8,Collect failure information and and record replacement intervals.
Electrical System,Programmable Logic Controller (PLC),Transmission Sensor,Overloading,Engine shutdown or reduced gear selection,2,"Exposure to contaminates, physical damage to sensor, grounding or crossing of cables to give false reading",2,Checked every 500hr service interval.,3,12,Collect failure information and and record replacement intervals.
Electrical System,Engine Electronic Control Module (ECM),Engine Speed Sensor,Corrosion,Warning light displayed,2,"Exposure to contaminates, physical damage to sensor, grounding or crossing of cables to give false reading",2,Checked every 500hr service interval.,3,12,Collect failure information and and record replacement intervals.
Electrical System,Engine Electronic Control Module (ECM),Engine Speed Sensor,Physical damage,Warning light displayed,2,"Exposure to contaminates, physical damage to sensor, grounding or crossing of cables to give false reading",2,Checked every 500hr service interval.,2,8,Collect failure information and and record replacement intervals.
Electrical System,Engine Electronic Control Module (ECM),Engine Speed Sensor,Overloading,Warning light displayed,2,"Exposure to contaminates, physical damage to sensor, grounding or crossing of cables to give false reading",2,Checked every 500hr service interval.,3,12,Collect failure information and and record replacement intervals.
Electrical System,Engine Electronic Control Module (ECM),System Sensors,Corrosion,Warning light displayed,2,"Exposure to contaminates, physical damage to sensor, grounding or crossing of cables to give false reading",2,Checked every 500hr service interval.,3,12,Collect failure information and and record replacement intervals.
Electrical System,Engine Electronic Control Module (ECM),System Sensors,Physical damage,Warning light displayed,2,"Exposure to contaminates, physical damage to sensor, grounding or crossing of cables to give false reading",2,Checked every 500hr service interval.,2,8,Collect failure information and and record replacement intervals.
Electrical System,Engine Electronic Control Module (ECM),System Sensors,Overloading,Warning light displayed,2,"Exposure to contaminates, physical damage to sensor, grounding or crossing of cables to give false reading",2,Checked every 500hr service interval.,3,12,Collect failure information and and record replacement intervals.
Electrical System,Engine Electronic Control Module (ECM),Diagnostic Interfaces,Corrosion,Unable to collect diagnostic information,2,"Physical damage to PLC module or connectors, corrosion of wires or incorrect configuration",2,Checked every 500hr service interval.,3,12,Collect failure information and and record replacement intervals.
Electrical System,Engine Electronic Control Module (ECM),Diagnostic Interfaces,Physical damage,Unable to collect diagnostic information,2,"Physical damage to PLC module or connectors, corrosion of wires or incorrect configuration",2,Checked every 500hr service interval.,2,8,Collect failure information and and record replacement intervals.
Electrical System,Engine Electronic Control Module (ECM),Diagnostic Interfaces,Overloading,Unable to collect diagnostic information,2,"Physical damage to PLC module or connectors, corrosion of wires or incorrect configuration",2,Checked every 500hr service interval.,3,12,Collect failure information and and record replacement intervals.
Electrical System,Engine Electronic Control Module (ECM),Communication Links,Corrosion,"Engine will not run, or will run poorly",2,"Physical damage to PLC module or connectors, corrosion of wires or incorrect configuration",2,Checked every 500hr service interval.,3,12,Collect failure information and and record replacement intervals.
Electrical System,Engine Electronic Control Module (ECM),Communication Links,Physical damage,"Engine will not run, or will run poorly",2,"Physical damage to PLC module or connectors, corrosion of wires or incorrect configuration",2,Checked every 500hr service interval.,2,8,Collect failure information and and record replacement intervals.
Electrical System,Engine Electronic Control Module (ECM),Communication Links,Overloading,"Engine will not run, or will run poorly",2,"Physical damage to PLC module or connectors, corrosion of wires or incorrect configuration",2,Checked every 500hr service interval.,3,12,Collect failure information and and record replacement intervals.
Electrical System,Data Collection Unit (DCU),Engine Coolant Temperature Gauge,Corrosion,False readings may be displayed,2,"Exposure to contaminates, physical damage to gauge or grounding / crossing of cables to give false reading",2,Checked evry 125 hr service interval.,3,12,Collect failure information and and record replacement intervals.
Electrical System,Data Collection Unit (DCU),Engine Coolant Temperature Gauge,Physical damage,False readings may be displayed,2,"Exposure to contaminates, physical damage to gauge or grounding / crossing of cables to give false reading",2,Checked evry 125 hr service interval.,2,8,Collect failure information and and record replacement intervals.
Electrical System,Data Collection Unit (DCU),Engine Coolant Temperature Gauge,Overloading,False readings may be displayed,2,"Exposure to contaminates, physical damage to gauge or grounding / crossing of cables to give false reading",2,Checked evry 125 hr service interval.,3,12,Collect failure information and and record replacement intervals.
Electrical System,Data Collection Unit (DCU),Engine Coolant Level Gauge,Corrosion,False readings may be displayed,2,"Exposure to contaminates, physical damage to gauge or grounding / crossing of cables to give false reading",2,Checked evry 125 hr service interval.,3,12,Collect failure information and and record replacement intervals.
Electrical System,Data Collection Unit (DCU),Engine Coolant Level Gauge,Physical damage,False readings may be displayed,2,"Exposure to contaminates, physical damage to gauge or grounding / crossing of cables to give false reading",2,Checked evry 125 hr service interval.,2,8,Collect failure information and and record replacement intervals.
Electrical System,Data Collection Unit (DCU),Engine Coolant Level Gauge,Overloading,False readings may be displayed,2,"Exposure to contaminates, physical damage to gauge or grounding / crossing of cables to give false reading",2,Checked evry 125 hr service interval.,3,12,Collect failure information and and record replacement intervals.
Electrical System,Data Collection Unit (DCU),Engine Oil Pressure Gauge,Corrosion,False readings may be displayed,2,"Exposure to contaminates, physical damage to gauge or grounding / crossing of cables to give false reading",2,Checked evry 125 hr service interval.,3,12,Collect failure information and and record replacement intervals.
Electrical System,Data Collection Unit (DCU),Engine Oil Pressure Gauge,Physical damage,False readings may be displayed,2,"Exposure to contaminates, physical damage to gauge or grounding / crossing of cables to give false reading",2,Checked evry 125 hr service interval.,2,8,Collect failure information and and record replacement intervals.
Electrical System,Data Collection Unit (DCU),Engine Oil Pressure Gauge,Overloading,False readings may be displayed,2,"Exposure to contaminates, physical damage to gauge or grounding / crossing of cables to give false reading",2,Checked evry 125 hr service interval.,3,12,Collect failure information and and record replacement intervals.
Electrical System,Data Collection Unit (DCU),Engine ECM data,Corrosion,Unable to collect diagnostic information or program new data,2,"Physical damage to PLC module or connectors, corrosion of wires or incorrect configuration",2,Checked evry 125 hr service interval.,3,12,Collect failure information and and record replacement intervals.
Electrical System,Data Collection Unit (DCU),Engine ECM data,Physical damage,Unable to collect diagnostic information or program new data,2,"Physical damage to PLC module or connectors, corrosion of wires or incorrect configuration",2,Checked evry 125 hr service interval.,2,8,Collect failure information and and record replacement intervals.
Electrical System,Data Collection Unit (DCU),Engine ECM data,Overloading,Unable to collect diagnostic information or program new data,2,"Physical damage to PLC module or connectors, corrosion of wires or incorrect configuration",2,Checked evry 125 hr service interval.,3,12,Collect failure information and and record replacement intervals.
Electrical System,Data Collection Unit (DCU),Cameras,Corrosion,Reduced ability to successfully move machinery safely,2,"physical damage to camera or wiring, corrosion of terminals",2,Checked daily,3,12,Collect failure information and and record replacement intervals.
Electrical System,Data Collection Unit (DCU),Cameras,Wearing,Reduced ability to successfully move machinery safely,2,"physical damage to camera or wiring, corrosion of terminals",2,Checked daily,2,8,Collect failure information and and record replacement intervals.
Electrical System,Data Collection Unit (DCU),Gauges,Corrosion,False readings may be displayed,2,"Exposure to contaminates, physical damage to gauge or grounding / crossing of cables to give false reading",2,Checked evry 125 hr service interval,2,8,Collect failure information and and record replacement intervals.
Electrical System,Data Collection Unit (DCU),Gauges,Physical damage,False readings may be displayed,2,"Exposure to contaminates, physical damage to gauge or grounding / crossing of cables to give false reading",2,Checked evry 125 hr service interval,1,4,Collect failure information and and record replacement intervals.
Electrical System,Data Collection Unit (DCU),Gauges,Overloading,False readings may be displayed,2,"Exposure to contaminates, physical damage to gauge or grounding / crossing of cables to give false reading",2,Checked evry 125 hr service interval,2,8,Collect failure information and and record replacement intervals.
Electrical System,Data Collection Unit (DCU),Accumulator Pressure,Corrosion,False readings may be collected potentially allowing further damage to occur,2,"Exposure to contaminates, physical damage to sensor, grounding or crossing of cables to give false reading",2,Investigated upon component failure.,3,12,Collect failure information and and record replacement intervals.
Electrical System,Data Collection Unit (DCU),Accumulator Pressure,Physical damage,False readings may be collected potentially allowing further damage to occur,2,"Exposure to contaminates, physical damage to sensor, grounding or crossing of cables to give false reading",2,Investigated upon component failure.,2,8,Collect failure information and and record replacement intervals.
Electrical System,Data Collection Unit (DCU),Accumulator Pressure,Overloading,False readings may be collected potentially allowing further damage to occur,2,"Exposure to contaminates, physical damage to sensor, grounding or crossing of cables to give false reading",2,Investigated upon component failure.,3,12,Collect failure information and and record replacement intervals.
Electrical System,Data Collection Unit (DCU),Transmission Pressure,Corrosion,False readings may be collected potentially allowing further damage to occur,2,"Exposure to contaminates, physical damage to sensor, grounding or crossing of cables to give false reading",2,Investigated upon component failure.,3,12,Collect failure information and and record replacement intervals.
Electrical System,Data Collection Unit (DCU),Transmission Pressure,Physical damage,False readings may be collected potentially allowing further damage to occur,2,"Exposure to contaminates, physical damage to sensor, grounding or crossing of cables to give false reading",2,Investigated upon component failure.,2,8,Collect failure information and and record replacement intervals.
Electrical System,Data Collection Unit (DCU),Transmission Pressure,Overloading,False readings may be collected potentially allowing further damage to occur,2,"Exposure to contaminates, physical damage to sensor, grounding or crossing of cables to give false reading",2,Investigated upon component failure.,3,12,Collect failure information and and record replacement intervals.
Electrical System,Data Collection Unit (DCU),Transmission Temperature Sensor,Corrosion,False readings may be collected potentially allowing further damage to occur,2,"Exposure to contaminates, physical damage to sensor, grounding or crossing of cables to give false reading",2,Investigated upon component failure.,3,12,Collect failure information and and record replacement intervals.
Electrical System,Data Collection Unit (DCU),Transmission Temperature Sensor,Physical damage,False readings may be collected potentially allowing further damage to occur,2,"Exposure to contaminates, physical damage to sensor, grounding or crossing of cables to give false reading",2,Investigated upon component failure.,2,8,Collect failure information and and record replacement intervals.
Electrical System,Data Collection Unit (DCU),Transmission Temperature Sensor,Overloading,False readings may be collected potentially allowing further damage to occur,2,"Exposure to contaminates, physical damage to sensor, grounding or crossing of cables to give false reading",2,Investigated upon component failure.,3,12,Collect failure information and and record replacement intervals.
Electrical System,Data Collection Unit (DCU),Transmission Temperature Sender,Corrosion,False readings may be collected potentially allowing further damage to occur,2,"Exposure to contaminates, physical damage to sensor, grounding or crossing of cables to give false reading",2,Investigated upon component failure.,3,12,Collect failure information and and record replacement intervals.
Electrical System,Data Collection Unit (DCU),Transmission Temperature Sender,Physical damage,False readings may be collected potentially allowing further damage to occur,2,"Exposure to contaminates, physical damage to sensor, grounding or crossing of cables to give false reading",2,Investigated upon component failure.,2,8,Collect failure information and and record replacement intervals.
Electrical System,Data Collection Unit (DCU),Transmission Temperature Sender,Overloading,False readings may be collected potentially allowing further damage to occur,2,"Exposure to contaminates, physical damage to sensor, grounding or crossing of cables to give false reading",2,Investigated upon component failure.,3,12,Collect failure information and and record replacement intervals.
Electrical System,Data Collection Unit (DCU),Hydraulic Tank Temperature Sensor,Corrosion,False readings may be collected potentially allowing further damage to occur,2,"Exposure to contaminates, physical damage to sensor, grounding or crossing of cables to give false reading",2,Investigated upon component failure.,3,12,Collect failure information and and record replacement intervals.
Electrical System,Data Collection Unit (DCU),Hydraulic Tank Temperature Sensor,Physical damage,False readings may be collected potentially allowing further damage to occur,2,"Exposure to contaminates, physical damage to sensor, grounding or crossing of cables to give false reading",2,Investigated upon component failure.,2,8,Collect failure information and and record replacement intervals.
Electrical System,Data Collection Unit (DCU),Hydraulic Tank Temperature Sensor,Overloading,False readings may be collected potentially allowing further damage to occur,2,"Exposure to contaminates, physical damage to sensor, grounding or crossing of cables to give false reading",2,Investigated upon component failure.,3,12,Collect failure information and and record replacement intervals.
Electrical System,Data Collection Unit (DCU),Hydraulic Tank Level Sensor,Corrosion,False readings may be collected potentially allowing further damage to occur,2,"Exposure to contaminates, physical damage to sensor, grounding or crossing of cables to give false reading",2,Investigated upon component failure.,3,12,Collect failure information and and record replacement intervals.
Electrical System,Data Collection Unit (DCU),Hydraulic Tank Level Sensor,Physical damage,False readings may be collected potentially allowing further damage to occur,2,"Exposure to contaminates, physical damage to sensor, grounding or crossing of cables to give false reading",2,Investigated upon component failure.,2,8,Collect failure information and and record replacement intervals.
Electrical System,Data Collection Unit (DCU),Hydraulic Tank Level Sensor,Overloading,False readings may be collected potentially allowing further damage to occur,2,"Exposure to contaminates, physical damage to sensor, grounding or crossing of cables to give false reading",2,Investigated upon component failure.,3,12,Collect failure information and and record replacement intervals.
Electrical System,Data Collection Unit (DCU),Upbox Temperature Switch,Corrosion,False readings may be collected potentially allowing further damage to occur,2,"Exposure to contaminates, physical damage to sensor, grounding or crossing of cables to give false reading",2,Investigated upon component failure.,3,12,Collect failure information and and record replacement intervals.
Electrical System,Data Collection Unit (DCU),Upbox Temperature Switch,Physical damage,False readings may be collected potentially allowing further damage to occur,2,"Exposure to contaminates, physical damage to sensor, grounding or crossing of cables to give false reading",2,Investigated upon component failure.,2,8,Collect failure information and and record replacement intervals.
Electrical System,Data Collection Unit (DCU),Upbox Temperature Switch,Overloading,False readings may be collected potentially allowing further damage to occur,2,"Exposure to contaminates, physical damage to sensor, grounding or crossing of cables to give false reading",2,Investigated upon component failure.,3,12,Collect failure information and and record replacement intervals.
Electrical System,Data Collection Unit (DCU),Dropbox Temperature Switch,Corrosion,False readings may be collected potentially allowing further damage to occur,2,"Exposure to contaminates, physical damage to sensor, grounding or crossing of cables to give false reading",2,Investigated upon component failure.,3,12,Collect failure information and and record replacement intervals.
Electrical System,Data Collection Unit (DCU),Dropbox Temperature Switch,Physical damage,False readings may be collected potentially allowing further damage to occur,2,"Exposure to contaminates, physical damage to sensor, grounding or crossing of cables to give false reading",2,Investigated upon component failure.,2,8,Collect failure information and and record replacement intervals.
Electrical System,Data Collection Unit (DCU),Dropbox Temperature Switch,Overloading,False readings may be collected potentially allowing further damage to occur,2,"Exposure to contaminates, physical damage to sensor, grounding or crossing of cables to give false reading",2,Investigated upon component failure.,3,12,Collect failure information and and record replacement intervals.
Electrical System,Transmission Electronic Control Unit (ECU),Solenoid Wiring,Corrosion,Transmission may not function,2,"Exposure to contaminates, physical damage to wires grounding or crossing of cables",2,Investigated upon component failure.,3,0,Collect failure information and and record replacement intervals.
Electrical System,Transmission Electronic Control Unit (ECU),Solenoid Wiring,Physical damage,Transmission may not function,2,"Exposure to contaminates, physical damage to wires grounding or crossing of cables",2,Investigated upon component failure.,2,8,Collect failure information and and record replacement intervals.
Electrical System,Transmission Electronic Control Unit (ECU),Solenoid Wiring,Overloading,Transmission may not function,2,"Exposure to contaminates, physical damage to wires grounding or crossing of cables",2,Investigated upon component failure.,3,12,Collect failure information and and record replacement intervals.
Electrical System,Transmission Electronic Control Unit (ECU),Two-way radio,Corrosion,Inability to communicate with other staff members,3,contamination of wires and connections by corrosive elements,2,Checked daily,2,12,Collect failure information and and record replacement intervals.
Electrical System,Transmission Electronic Control Unit (ECU),Two-way radio,Physical damage,Inability to communicate with other staff members,3,physical damage or General wear and tear to two way radio,2,Checked daily,2,12,Collect failure information and and record replacement intervals.
Electrical System,Transmission Electronic Control Unit (ECU),Two-way radio,Overloading,Inability to communicate with other staff members,3,physical damage or General wear and tear to two way radio,2,Checked daily,2,12,Collect failure information and and record replacement intervals.
Power Frame,Hoods and Covers,Hand Rails,Wearing,Difficulty in gaining access to machine above safe working height,2,"Falling Rocks, Incorrect installation",3,CM as indicated by daily visual inspection,1,6,Investigate alternative safety mechanisms or ways to increase durability of current system
Power Frame,Hoods and Covers,Covers,Wearing,Loss of cover presents increased risk of component damage.,1,"Falling Rocks,",2,CM as indicated by daily visual inspection,1,2,
Power Frame,Cabin,Cabin Assembly,Wearing,"Unsafe Working environment, windows, and doors no longer fit",2,"Falling Rocks  Physical impacts, general wear of cabin mounts",2,CM as indicated by daily visual inspection or scheduled visual inspection,2,8,Collect failure information and and record replacement intervals.
Power Frame,Cabin,Seatbelt,Wearing,Unsafe working environment,3,General wear and tear.,3,CM as indicated by weekly visual inspection,1,9,
Power Frame,Cabin,Drivers Seat,Wearing,Unsafe working environment,2,"General wear and tear, loose fittings, incorrect installation or part.",3,CM as indicated by weekly visual inspection,2,12,
Power Frame,Cabin,Windows,Wearing,Unsafe working environment,2,Falling Rocks  Physical impacts,4,CM as indicated by daily visual inspection,1,8,Investigate  methods of protecting window whilst still maintaining functionality and emergency escape access
Power Frame,Cabin,Door,Wearing,Unsafe working environment,3,Falling Rocks  Physical impacts,3,"CM as indicated by daily visual inspection, Scheduled Maintenance @ 125hr interval for greasing of door hinges",1,9,
Power Frame,Chassis,Wings,Wearing,Further Damage to Machine Frame,1,Physical impact,3,CM as indicated by daily visual inspection,3,9,Collect failure information and and record replacement intervals.
Power Frame,Chassis,Hitch Bolt,Wearing,"Separation of Load and Power frame, Increased Component wear",3,Physical impact,2,Maintenance tasks determined through visual inspection,3,18,Collect failure information and and record replacement intervals.
Power Frame,Chassis,Dogbone,Wearing,"Reduce Structural Integrity, increased vibration",3,Physical impact and General wear and tear on component,2,CM as indicated by visual inspection during  500hr Scheduled Maintenance,3,18,Inspect for optimal replacement interval.
Power Frame,Chassis,Mudguard,Wearing,"Increased contamination of surrounding systems reducing, function",2,Physical impact and General wear and tear on component,3,Maintenance tasks determined through visual inspection,1,6,Collect failure information and and record replacement intervals.
Power Frame,Chassis,A-Frame,Wearing,"Reduce Structural Integrity, increased vibration",3,Physical impact and General wear and tear on component,2,Maintenance tasks determined through visual inspection,3,18,Inspect for optimal replacement interval.
Power Frame,Chassis,Bearing,Wearing,"Reduced control of steering increased vibration, and increased wear on surrounding components",3,Physical impact and General wear and tear on component,2,Maintenance tasks determined through visual inspection,3,18,Collect failure information and and record replacement intervals.
Power Frame,Chassis,Steering Cap Pins and Bolts,Wearing,"increased vibration, Loss of steering function",3,"Physical impacts, vibration and contamination",2,Maintenance tasks determined through visual inspection,3,18,Collect failure information and and record replacement intervals.
Power Frame,Chassis,Suspension centre bearing,Wearing,"increased vibration, Loss of steering function",3,"Physical impacts, vibration and contamination",2,Maintenance tasks determined through visual inspection,4,24,Collect failure information and and record replacement intervals.
Power Frame,Greasing System,Grease Pump,Wearing,Increased component wear at articulated joints,2,"Impacts, Falling Rocks",2,Maintenance tasks determined through visual inspection,2,8,Check grease level in lubricating tank during 125 hour service.
Power Frame,Greasing System,Grease Pump,Mechanical Failure,Increased component wear at articulated joints,2,Pump motor General wear and tear,2,Maintenance tasks determined through visual inspection,3,12,
Power Frame,Greasing System,Grease Pump,Corrosion,Increased component wear at articulated joints,2,Contamination of electrical plugs and circuitry,2,Maintenance tasks determined through visual inspection,3,12,
Power Frame,Greasing System,Grease Pump,Overloading,Increased component wear at articulated joints,2,"Shorting of live wires to ground, or electrical component failure",2,Maintenance tasks determined through visual inspection,3,12,
Power Frame,Greasing System,Grease Lines,Wearing,"Increased component wear at articulated joints, contamination of components exposed to grease",2,"Rubbing of lines, lines broken due to Physical impact, incorrect fittings",3,Grease refilled and joints inspected for grease daily. All grease lines inspected every 125 hr scheduled service,2,12,
Load Frame,Dump Box,Grease Lines,Tub cracking,Tub structural failure,2,Physical Impacts,3,Maintenance tasks determined through visual inspection,1,6,Collect failure information and and record replacement intervals.
Load Frame,Dump Box,Grease Lines,Tub wearout,Tub structural failure,2,General eear from cyclic loading,3,Maintenance tasks determined through visual inspection,2,12,Collect failure information and and record replacement intervals.
Load Frame,Dump Box,Dump Cylinder,Wearing,"Increased component wear at articulated joints, contamination of components exposed to grease",2,General eear from cyclic loading,3,Maintenance tasks determined through visual inspection,2,12,Inspect at 500 hour service. Check torque and mounting pins and bushings.
Load Frame,Dump Box,Dump Cylinder,Excessive clearances,"Increased component wear at articulated joints, contamination of components exposed to grease",2,General eear from cyclic loading,3,Maintenance tasks determined through visual inspection,2,12,Inspect at 500 hour service.
Fire Suppression System,Fire Extinguisher,Cylinder,Wearing,"Loss of system pressure, structural integrity of pressure chamber compromised",3,"Physical impact, expiration of contents, failure to store cylinder correctly",2,Visual daily inspection. CM when required.,1,6,
Fire Suppression System,Fire Extinguisher,Cylinder,Leaking,Loss of system pressure,3,"damage to release mechanism or fittings, improper construction",2,Visual daily inspection. CM when required.,2,12,
Fire Suppression System,Fire Extinguisher,Cylinder,Out of date / no test tag,Potentially non functioning due to packing of retardant,3,maintenance schedule not adheared to or tag has been misplaced,3,Safety and Training to inspect and retag,1,9,
Fire Suppression System,Fire Extinguisher,Hoses,Wearing,Reduced capacity to use effectively,3,"Physical impact, incorrect storage of extinguisher",2,Visual daily inspection. CM when required.,2,12,
Fire Suppression System,Fire Extinguisher,Mounting Point,Wearing,Wearing to cylinder/lost,3,Physical damage,2,Visual daily inspection. CM when required.,1,6,
Fire Suppression System,AFFF,Cylinder,Wearing,"Loss of system pressure, structural integrity of pressure chamber compromised",4,"Physical impact, expiration of contents, failure to store cylinder correctly",2,Visual daily inspection. CM when required.,1,8,
Fire Suppression System,AFFF,Cylinder,Leaking,Loss of system pressure,4,"damage to fittings, or incorrect instalation, fittings amy have come loose",3,Visual daily inspection. CM when required.,2,24,
Fire Suppression System,AFFF,Cylinder,Unintentional discharge,Loss of system pressure,4,Activation due to line failure or other accidental means,3,Investigated upon component failure.,1,12,
Fire Suppression System,AFFF,Cylinder,Out of date / no test tag,Potentially non functioning,4,maintenance schedule not adheared to or tag has been misplaced,3,Safety and Training to inspect and retag,1,12,
Fire Suppression System,AFFF,Hoses,Wearing,"Reduced capacity to use effectively, may cause unintentional discharge of AFFF system",4,"pinching of lines, failure to replace protective nozzle caps, heat damage to lines causing deterioration",3,Visual daily inspection. CM when required.,2,24,
Fire Suppression System,AFFF,Mounting Point,Wearing,"May cause damage to the cylinder, loss of cylinder, unintentional discharge of AFFF system",4,incorrect installation impacts from falling rocks,2,Visual daily inspection. CM when required.,1,8,
Fire Suppression System,AFFF,Activation System & Gauge,"Wearing,","May cause unintentional discharge of AFFF system or inability to discharge system, system pressure may not be accurately displayed",4,"damage from impacts, mechanical failure of gauge.",3,Visual daily inspection. CM when required.,2,24,
Fire Suppression System,AFFF,Activation System & Gauge,Out of date / no test tag,Potentially non functioning due to packing of retardant,4,maintenance schedule not adheared to or tag has been misplaced,4,Safety and Training to inspect and retag,2,32,